CustomerCountry,TotalSales,RowCount
Belgium,97907,5453
Croatia,46698,2602
Czech Republic,133705,7398
Denmark,8295,467
Estonia,10152,565
Finland,36983,2056
France,197019,10907
Germany,618487,34358
Greece,83301,4645
Hungary,11650,654
Italy,10653,588
Latvia,5861,324
Lithuania,14127,785
Netherlands,22246,1236
Norway,31441,1738
Poland,112139,6235
Portugal,96197,5329
Slovenia,24848,1383
Spain,18646,1043
Sweden,207515,11532
Switzerland,1361,74
United Kingdom,11226,628
