"","CustomerCountry","PlantKey"
"1","Belgium",4
"2","Croatia",6
"3","Czech Republic",5
"4","Denmark",8
"5","Estonia",8
"6","Finland",8
"7","France",6
"8","Germany",4
"9","Greece",5
"10","Hungary",5
"11","Italy",6
"12","Latvia",8
"13","Lithuania",8
"14","Netherlands",4
"15","Norway",8
"16","Poland",5
"17","Portugal",6
"18","Slovenia",6
"19","Spain",6
"20","Sweden",8
"21","Switzerland",6
"22","United Kingdom",7
